"id";"writer";"create_time";"textBox"
1;"박천경";"2022-12-13 15:57:22";"undefined"
2;"dsd";"2022-12-13 16:04:43";"undefined"
4;"dsd";"2022-12-13 16:06:28";"undefined"
5;"undefined";"2022-12-13 16:10:12";"undefined"
6;"undefined";"2022-12-13 16:10:39";"undefined"
7;"박천경";"2022-12-13 16:18:57";"undefined"
8;"박천경";"2022-12-13 16:20:27";"undefined"
9;"";"2022-12-13 16:20:55";"undefined"
10;"박천경";"2022-12-13 16:21:03";"undefined"
11;"박천경";"2022-12-13 16:22:02";"undefined"
12;"박천경";"2022-12-13 16:22:14";"undefined"
13;"안뇽 ";"2022-12-14 11:11:37";"undefined"
14;"dsd";"2022-12-14 11:15:03";"undefined"
15;"바ㅜ거ㅏㅜ안";"2022-12-15 10:26:38";"undefined"
16;"fdfd";"2022-12-15 10:30:28";"undefined"
17;"fdfsd";"2022-12-15 10:31:41";"undefined"
18;"djsknd";"2022-12-15 10:37:23";"undefined"
19;"djsknd";"2022-12-15 10:39:02";"undefined"
20;"djsknd";"2022-12-16 10:51:56";"ㅇㄴㅇ"
